,Company Name,Company Code,Company Code KL,URL,Market Cap,Last Price,Price/Earning,Divident Yield,Return of Equity,Market Cap Float
35,IOIPG,5249,5249.KL,https://www.malaysiastock.biz/Corporate-Infomation.aspx?securityCode=5249,5.341b,0.97,7.96,3.09,3.55,5341000000.0
77,SIMEPROP,5288,5288.KL,https://www.malaysiastock.biz/Corporate-Infomation.aspx?securityCode=5288,4.115b,0.61,6.88,4.96,6.15,4115000000.0
80,SPSETIA,8664,8664.KL,https://www.malaysiastock.biz/Corporate-Infomation.aspx?securityCode=8664,3.679b,0.91,9.92,9.40,3.04,3679000000.0
93,UOADEV,5200,5200.KL,https://www.malaysiastock.biz/Corporate-Infomation.aspx?securityCode=5200,3.639b,1.85,9.11,7.57,7.87,3639000000.0
34,IGBB,5606,5606.KL,https://www.malaysiastock.biz/Corporate-Infomation.aspx?securityCode=5606,2.799b,3.15,13.41,0.95,4.43,2799000000.0
59,MRCB,1651,1651.KL,https://www.malaysiastock.biz/Corporate-Infomation.aspx?securityCode=1651,2.007b,0.46,84.26,2.20,0.50,2007000000.0
92,UEMS,5148,5148.KL,https://www.malaysiastock.biz/Corporate-Infomation.aspx?securityCode=5148,1.883b,0.42,8.42,0.00,3.06,1883000000.0
64,OSK,5053,5053.KL,https://www.malaysiastock.biz/Corporate-Infomation.aspx?securityCode=5053,1.676b,0.80,4.07,6.25,8.16,1676000000.0
50,MATRIX,5236,5236.KL,https://www.malaysiastock.biz/Corporate-Infomation.aspx?securityCode=5236,1.440b,1.75,5.89,7.29,15.55,1440000000.0
96,YNHPROP,3158,3158.KL,https://www.malaysiastock.biz/Corporate-Infomation.aspx?securityCode=3158,1.381b,2.61,32.75,0.00,3.62,1381000000.0
