|Company_Name|Company_Code|Company_Code_KL|URL|Market_Cap|Last_Price|Price_per_Earning|Divident_Yield|Return_of_Equity|Market_Cap_Float
0|IOIPG|5249|5249.KL|https://www.malaysiastock.biz/Corporate-Infomation.aspx?securityCode=5249|4.763b|0.87|7.1|3.47|3.55|4763000000.0
1|SIMEPROP|5288|5288.KL|https://www.malaysiastock.biz/Corporate-Infomation.aspx?securityCode=5288|3.468b|0.51|5.8|5.88|6.15|3468000000.0
2|UOADEV|5200|5200.KL|https://www.malaysiastock.biz/Corporate-Infomation.aspx?securityCode=5200|2.793b|1.42|6.99|9.86|7.87|2793000000.0
3|SPSETIA|8664|8664.KL|https://www.malaysiastock.biz/Corporate-Infomation.aspx?securityCode=8664|2.486b|0.62|6.71|1.63|3.04|2486000000.0
4|IGBB|5606|5606.KL|https://www.malaysiastock.biz/Corporate-Infomation.aspx?securityCode=5606|2.159b|2.43|10.34|1.23|4.43|2159000000.0
5|OSK|5053|5053.KL|https://www.malaysiastock.biz/Corporate-Infomation.aspx?securityCode=5053|1.372b|0.66|3.33|7.63|8.16|1372000000.0
6|MRCB|1651|1651.KL|https://www.malaysiastock.biz/Corporate-Infomation.aspx?securityCode=1651|1.346b|0.31|56.48|3.28|0.5|1346000000.0
7|UEMS|5148|5148.KL|https://www.malaysiastock.biz/Corporate-Infomation.aspx?securityCode=5148|1.339b|0.3|5.98|0.0|3.06|1339000000.0
8|YNHPROP|3158|3158.KL|https://www.malaysiastock.biz/Corporate-Infomation.aspx?securityCode=3158|1.338b|2.53|31.74|0.0|3.62|1338000000.0
9|MATRIX|5236|5236.KL|https://www.malaysiastock.biz/Corporate-Infomation.aspx?securityCode=5236|1.193b|1.43|4.88|8.92|15.35|1193000000.0
