|Company Name|Company Code|Company Code KL|URL|Market Cap|Last Price|Price/Earning|Divident Yield|Return of Equity|Market Cap Float
35|IOIPG|5249|5249.KL|https://www.malaysiastock.biz/Corporate-Infomation.aspx?securityCode=5249|4.735b|0.86|7.06|3.49|3.55|4735000000.0
77|SIMEPROP|5288|5288.KL|https://www.malaysiastock.biz/Corporate-Infomation.aspx?securityCode=5288|3.740b|0.55|6.25|5.45|6.15|3740000000.0
93|UOADEV|5200|5200.KL|https://www.malaysiastock.biz/Corporate-Infomation.aspx?securityCode=5200|2.951b|1.50|7.39|9.33|7.87|2951000000.0
80|SPSETIA|8664|8664.KL|https://www.malaysiastock.biz/Corporate-Infomation.aspx?securityCode=8664|2.830b|0.70|7.63|1.43|3.04|2830000000.0
34|IGBB|5606|5606.KL|https://www.malaysiastock.biz/Corporate-Infomation.aspx?securityCode=5606|2.355b|2.65|11.28|1.13|4.43|2355000000.0
59|MRCB|1651|1651.KL|https://www.malaysiastock.biz/Corporate-Infomation.aspx?securityCode=1651|1.478b|0.34|62.04|2.99|0.50|1478000000.0
64|OSK|5053|5053.KL|https://www.malaysiastock.biz/Corporate-Infomation.aspx?securityCode=5053|1.467b|0.70|3.56|7.14|8.16|1467000000.0
96|YNHPROP|3158|3158.KL|https://www.malaysiastock.biz/Corporate-Infomation.aspx?securityCode=3158|1.354b|2.56|32.12|0.00|3.62|1354000000.0
50|MATRIX|5236|5236.KL|https://www.malaysiastock.biz/Corporate-Infomation.aspx?securityCode=5236|1.293b|1.55|5.29|8.23|15.35|1293000000.0
92|UEMS|5148|5148.KL|https://www.malaysiastock.biz/Corporate-Infomation.aspx?securityCode=5148|1.293b|0.29|5.78|0.00|3.06|1293000000.0
